Correlation,A,B,C,D,E
A,0.27,0.143025475,0.4219212,0.005781796,-0.096507074
B,0.4,-0.538490438,0.288399136,0.301749471,0.36583388
C,0.3,0.848642633,0.758083324,0.457879492,0.708625236
D,0.2,0.685178688,-0.390401935,-0.778014939,0.40343714
E,0.199,0.731639133,0.184143284,0.002533858,0.113965175
